"twitter-search","RT @IngridSunyer: Rise up against violence!  #CharlieHebdo http://t.co/quamNmHAwd","","kidninjaltd","552943243197812736","2346787985","en","<a href=\"http://twitter.com\" rel=\"nofollow\">Twitter Web Client</a>","http://pbs.twimg.com/profile_background_images/544240988030386176/5sDINSQY.jpeg","","0","0","Wed Jan 07 21:41:57 +0000 2015","1420666917"
"twitter-search","RT @nycjim: R.I.P. Uncle Bernard, columnist at #CharlieHebdo, among 12 victims in Paris attack. http://t.co/njgafrC5T1 http://t.co/QQEFkdqY…","","peterbrownbarra","552943242975916032","1362564518","en","<a href=\"http://twitter.com/#!/download/ipad\" rel=\"nofollow\">Twitter for iPad</a>","http://abs.twimg.com/images/themes/theme1/bg.png","","0","0","Wed Jan 07 21:41:56 +0000 2015","1420666916"
"twitter-search","RT @KhaledBeydoun: A Muslim policeman was killed defending #CharlieHebdo.\n \nBut heroics never enter into the Islamophobic indictment of Isl…","","SergioWonder","552943242971738112","65957013","en","<a href=\"http://twitter.com/#!/download/ipad\" rel=\"nofollow\">Twitter for iPad</a>","http://pbs.twimg.com/profile_background_images/540071598527496194/YWxtQJNq.jpeg","","0","0","Wed Jan 07 21:41:56 +0000 2015","1420666916"
"twitter-search","RT @WSJ: Cartoonists around the world respond to attack in Paris: http://t.co/i17pd0fKNu #CharlieHebdo http://t.co/kFzfOW89o9","","Lindadoran4","552943242518728706","469574965","en","<a href=\"http://twitter.com/#!/download/ipad\" rel=\"nofollow\">Twitter for iPad</a>","http://abs.twimg.com/images/themes/theme1/bg.png","","0","0","Wed Jan 07 21:41:56 +0000 2015","1420666916"
"twitter-search","RT @ThePoke: Now available in safe, unobjectionable newsagents everywhere. http://t.co/0oR7CAMRdj #CharlieHebdo http://t.co/Fzkr5hAVmo","","KirsteinRummery","552943242472591362","104130247","en","<a href=\"https://twitter.com/download/android\" rel=\"nofollow\">Twitter for Android Tablets</a>","http://abs.twimg.com/images/themes/theme1/bg.png","","0","0","Wed Jan 07 21:41:56 +0000 2015","1420666916"
"twitter-search","RT @IWasAPirateOnce: So @DrAliselim thinks Irish people should be prosecuted for sharing #CharlieHebdo cartoons.\nhttps://t.co/unjtTldb8E ht…","","Carrolljoseph","552943242434850816","258087848","en","<a href=\"http://twitter.com/download/iphone\" rel=\"nofollow\">Twitter for iPhone</a>","http://abs.twimg.com/images/themes/theme1/bg.png","","0","0","Wed Jan 07 21:41:56 +0000 2015","1420666916"
"twitter-search","Three suspects have reportedly been identified in the #CharlieHebdo attack http://t.co/Swpw3BnpcH http://t.co/e5kLgSVtjM”","","elodienoel","552943242183213056","22011272","en","<a href=\"http://twitter.com/download/iphone\" rel=\"nofollow\">Twitter for iPhone</a>","http://abs.twimg.com/images/themes/theme9/bg.gif","","0","0","Wed Jan 07 21:41:56 +0000 2015","1420666916"
"twitter-search","RT TheRedRag: The three men suspected of the attack against #CharlieHebdo arrested according to http://t.co/U5C8Y4pUP2","","EbolaPope","552943242069962755","2836682510","en","<a href=\"http://ifttt.com\" rel=\"nofollow\">IFTTT</a>","http://pbs.twimg.com/profile_background_images/517360179982000128/HUd3IyVE.png","","0","0","Wed Jan 07 21:41:56 +0000 2015","1420666916"
"twitter-search","RT @alaminkimathi: #CharlieHebdo : We cannot let the Paris murderers define Islam - Ed Husain http://t.co/2XoPJHFCvr","","FatmaNaib","552943241629163520","35719952","en","<a href=\"http://twitter.com/download/iphone\" rel=\"nofollow\">Twitter for iPhone</a>","http://abs.twimg.com/images/themes/theme1/bg.png","","0","0","Wed Jan 07 21:41:56 +0000 2015","1420666916"
"twitter-search","RT @jk_rowling: Sometimes a picture says it better than any writer could. #CharlieHebdo http://t.co/OP6h1YZUWs","","ajasont","552943241515917312","15974263","en","<a href=\"http://twitter.com/#!/download/ipad\" rel=\"nofollow\">Twitter for iPad</a>","http://pbs.twimg.com/profile_background_images/539085011056467968/EuTBRikK.jpeg","","0","0","Wed Jan 07 21:41:56 +0000 2015","1420666916"
"twitter-search","RT @dbongino: Attention White House, it's an act of terror. Stand up already. #CharlieHebdo","","SkePatt","552943241503313920","2169470797","en","<a href=\"http://twitter.com\" rel=\"nofollow\">Twitter Web Client</a>","http://abs.twimg.com/images/themes/theme1/bg.png","","0","0","Wed Jan 07 21:41:56 +0000 2015","1420666916"
"twitter-search","RT @abcnews: Writers, cartoonists react to #CharlieHebdo shooting #JeSuisCharlie @TheMagnusShaw\nhttp://t.co/dCow4hmST2 http://t.co/V6nePhKx…","","JMuchall","552943240744169472","1621651970","en","<a href=\"http://twitter.com/download/iphone\" rel=\"nofollow\">Twitter for iPhone</a>","http://abs.twimg.com/images/themes/theme1/bg.png","","0","0","Wed Jan 07 21:41:56 +0000 2015","1420666916"
"twitter-search","RT @michellemalkin: Flashback 2006: Networks shy away from Mohammed Cartoons ==&gt; http://t.co/LjEAfo2Jp1 #JeSuisCharlie #CharlieHebdo","","ZackStieber","552943240539017219","288935074","en","<a href=\"https://about.twitter.com/products/tweetdeck\" rel=\"nofollow\">TweetDeck</a>","http://pbs.twimg.com/profile_background_images/653867314/xff6ad1093e22020b43f2de86dc7aa91.jpg","","0","0","Wed Jan 07 21:41:56 +0000 2015","1420666916"
"twitter-search","RT @Yair_Rosenberg: Greta Berlin, organizer of the Gaza flotilla &amp; co-founder of Free Gaza, says #CharlieHebdo was an Israeli attack: http:…","","Johkow","552943239662428161","98332608","en","<a href=\"http://twitter.com\" rel=\"nofollow\">Twitter Web Client</a>","http://abs.twimg.com/images/themes/theme14/bg.gif","","0","0","Wed Jan 07 21:41:56 +0000 2015","1420666916"
"twitter-search","RT @JJCAuthor: Eat this, you murdering bastards. http://t.co/lJk00KCXIB #wearenotafraid #charliehebdo","","ilduendini","552943239402369024","2886009557","en","<a href=\"http://twitter.com\" rel=\"nofollow\">Twitter Web Client</a>","http://abs.twimg.com/images/themes/theme1/bg.png","","0","0","Wed Jan 07 21:41:56 +0000 2015","1420666916"
"twitter-search","RT @SkyNews: Cartoonists around the world pay tribute to #CharlieHebdo staff http://t.co/DzgiY5Qp5F http://t.co/va5c2pog0r","","AnnaRathe","552943239305900032","2340978621","en","<a href=\"http://twitter.com/download/android\" rel=\"nofollow\">Twitter for Android</a>","http://abs.twimg.com/images/themes/theme4/bg.gif","","0","0","Wed Jan 07 21:41:56 +0000 2015","1420666916"
"twitter-search","RT @SkyNewsBreak: Update: The Queen has sent her \"sincere condolences to the families of those who have been killed\" in the #ParisAttack #C…","","McGuapo1","552943239129759744","195884521","en","<a href=\"http://twitter.com/download/iphone\" rel=\"nofollow\">Twitter for iPhone</a>","http://abs.twimg.com/images/themes/theme1/bg.png","","0","0","Wed Jan 07 21:41:56 +0000 2015","1420666916"
"twitter-search","RT @TheIslamicUmmah: Those behind this horrific crime &amp; those who will use it to justify their hatred of Islam.Have 1 thing in common #Igno…","","anam_s_","552943238643191809","712968930","en","<a href=\"http://twitter.com/download/iphone\" rel=\"nofollow\">Twitter for iPhone</a>","http://abs.twimg.com/images/themes/theme10/bg.gif","","0","0","Wed Jan 07 21:41:55 +0000 2015","1420666915"
"twitter-search","RT @Ruptly: 100,000 gather in Paris after #CharlieHebdo terror attack \nFull coverage: http://t.co/1RBJrKhqRd #JeSuisCharlie http://t.co/s1Q…","","Temidor","552943238517366784","594976909","en","<a href=\"http://twitter.com\" rel=\"nofollow\">Twitter Web Client</a>","http://abs.twimg.com/images/themes/theme19/bg.gif","","0","0","Wed Jan 07 21:41:55 +0000 2015","1420666915"
"twitter-search","RT @LittleWombat666: #illdrawwithyou Right now pple around world r pouring in2the streets 2support #CharlieHebdo http://t.co/J9lD4HJ6fO htt…","","Mass_debater","552943238479220736","222243630","en","<a href=\"http://twitter.com\" rel=\"nofollow\">Twitter Web Client</a>","http://abs.twimg.com/images/themes/theme1/bg.png","","0","0","Wed Jan 07 21:41:55 +0000 2015","1420666915"
"twitter-search","RT @Independent: The Independent's cartoonist @DaveBrownToons on the  #CharlieHebdo attack. #JeSuisCharlie\nhttp://t.co/VI5PfEy0VQ http://t.…","","apoeisa70","552943238324428800","1055149722","en","<a href=\"http://twitter.com/download/android\" rel=\"nofollow\">Twitter for Android</a>","http://abs.twimg.com/images/themes/theme1/bg.png","","0","0","Wed Jan 07 21:41:55 +0000 2015","1420666915"
"twitter-search","RT @BuzzFeedNews: .@AP Photo: People gather to pay respect to victims of #CharlieHebdo attack in Paris on Wednesday http://t.co/ObgrDsbVXh","","justaarondallas","552943237908807680","289098131","en","<a href=\"http://twitter.com/download/iphone\" rel=\"nofollow\">Twitter for iPhone</a>","http://pbs.twimg.com/profile_background_images/500493177728413698/X4TgE-uL.jpeg","","0","0","Wed Jan 07 21:41:55 +0000 2015","1420666915"
"twitter-search","RT @LinkeviciusL: Deeply chocked by outrageous act of terror act in France. Sincere condolences to the families. #CharlieHebdo @LaurentFabi…","","LTEMBASSYUK","552943237871439872","1303400048","en","<a href=\"http://twitter.com/download/iphone\" rel=\"nofollow\">Twitter for iPhone</a>","http://pbs.twimg.com/profile_background_images/378800000172122525/hIMQJLBr.jpeg","","0","0","Wed Jan 07 21:41:55 +0000 2015","1420666915"
"twitter-search","RT @AFPphoto: #JeSuisCharlie tribute to #CharlieHebdo at #AFP news room in Paris http://t.co/J1vTDttDwg","","HurtaultAnthony","552943237728858112","2848191341","en","<a href=\"http://twitter.com/download/iphone\" rel=\"nofollow\">Twitter for iPhone</a>","http://abs.twimg.com/images/themes/theme1/bg.png","","0","0","Wed Jan 07 21:41:55 +0000 2015","1420666915"
"twitter-search","RT @SimonOstler: Powerful: Cartoonists draw in solidarity with #CharlieHebdo  http://t.co/h5mVfYJQpx #JeSuisCharlie #ParisShooting http://t…","","Pacifine1","552943237447843841","944761292","en","<a href=\"http://twitter.com/download/android\" rel=\"nofollow\">Twitter for Android</a>","http://abs.twimg.com/images/themes/theme1/bg.png","","0","0","Wed Jan 07 21:41:55 +0000 2015","1420666915"
"twitter-search","RT @iyad_elbaghdadi: As a Muslim, killing innocent people in the name of Islam is much, much more offensive to me than any cartoon can ever…","","DavidEscurriola","552943237422272512","452495196","en","<a href=\"https://dev.twitter.com/docs/tfw\" rel=\"nofollow\">Twitter for Websites</a>","http://abs.twimg.com/images/themes/theme1/bg.png","","0","0","Wed Jan 07 21:41:55 +0000 2015","1420666915"
"twitter-search","RT @paulverhoeven: Satire is a powerful tool against oppression. Freedom of speech if a vital thing. Don't stop the comedy. #CharlieHebdo","","rkcanuck","552943236994441216","392350438","en","<a href=\"http://twitter.com/download/android\" rel=\"nofollow\">Twitter for Android</a>","http://pbs.twimg.com/profile_background_images/785172103/6e05c02905aec128631c46ee2be85543.jpeg","","0","0","Wed Jan 07 21:41:55 +0000 2015","1420666915"
"twitter-search","RT @FraserNelson: \"Not in my name\" - Muslims take to Twitter to denounce the barbaric #CharlieHebdo murders\nhttp://t.co/S8ZMJv9Usa http://t…","","JulieMcCrossin","552943236990259200","53292926","en","<a href=\"http://twitter.com/download/iphone\" rel=\"nofollow\">Twitter for iPhone</a>","http://abs.twimg.com/images/themes/theme1/bg.png","","0","0","Wed Jan 07 21:41:55 +0000 2015","1420666915"
"twitter-search","Terrorists identified via ID card forgotten in car http://t.co/TrlSt2wbsA #CharlieHebdo | Really? Like they picked their shoe but forgot ID?","","AmmounAAY","552943236868632576","67305394","en","<a href=\"http://twitter.com/download/iphone\" rel=\"nofollow\">Twitter for iPhone</a>","http://pbs.twimg.com/profile_background_images/473474942386712576/EOOWOFLP.jpeg","","0","0","Wed Jan 07 21:41:55 +0000 2015","1420666915"
"twitter-search","RT @ThomasPride: Retweet if you think satire should not be censored:\n\"Love stronger than hate\":\n#CharlieHebdo http://t.co/JVjYiQMQQk","","Tonycheeseman42","552943236319547393","614438890","en","<a href=\"http://twitter.com/download/iphone\" rel=\"nofollow\">Twitter for iPhone</a>","http://abs.twimg.com/images/themes/theme1/bg.png","","0","0","Wed Jan 07 21:41:55 +0000 2015","1420666915"
"twitter-search","RT @HuffPostUKPics: Europe right now http://t.co/xoRgwyBhdr #JeSuisCharlie #CharlieHebdo http://t.co/hFGWApji4W","","BelleRubyL","552943236231495682","43716361","en","<a href=\"http://twitter.com/#!/download/ipad\" rel=\"nofollow\">Twitter for iPad</a>","http://abs.twimg.com/images/themes/theme9/bg.gif","","0","0","Wed Jan 07 21:41:55 +0000 2015","1420666915"
"twitter-search","RT @BBCBreaking: Vigils take place in Toulouse, Berlin, London &amp; Madrid for #CharlieHebdo attack victims http://t.co/OYY2TfKqnu http://t.co…","","elainethelen","552943235765927936","62334085","en","<a href=\"http://twitter.com/download/iphone\" rel=\"nofollow\">Twitter for iPhone</a>","http://abs.twimg.com/images/themes/theme9/bg.gif","","0","0","Wed Jan 07 21:41:55 +0000 2015","1420666915"
"twitter-search","RT @davpope: Can't sleep tonight, thoughts with my French cartooning colleagues, their families and loved ones #CharlieHebdo http://t.co/Lq…","","Synux","552943235749134337","44217118","en","<a href=\"http://twitter.com\" rel=\"nofollow\">Twitter Web Client</a>","http://abs.twimg.com/images/themes/theme1/bg.png","","0","0","Wed Jan 07 21:41:55 +0000 2015","1420666915"
"twitter-search","RT @KarenAttiah: Tomorrow's cartoon from @washingtonpost cartoonist Tom Toles: http://t.co/0Re1XCL3qs #CharlieHebdo #JeSuisCharlie http://t…","","Thunderfingerz","552943235489083393","1569216186","en","<a href=\"http://twitter.com/download/iphone\" rel=\"nofollow\">Twitter for iPhone</a>","http://abs.twimg.com/images/themes/theme1/bg.png","","0","0","Wed Jan 07 21:41:55 +0000 2015","1420666915"
"twitter-search","RT @jk_rowling: Sometimes a picture says it better than any writer could. #CharlieHebdo http://t.co/OP6h1YZUWs","","arturowm","552943235132567552","118219723","en","<a href=\"http://twitter.com\" rel=\"nofollow\">Twitter Web Client</a>","http://pbs.twimg.com/profile_background_images/378800000150079826/jKiK4wI0.jpeg","","0","0","Wed Jan 07 21:41:55 +0000 2015","1420666915"
"twitter-search","RT @edshow: ➨ 20 minutes to #edshow w/@SuzanneNossel, @NeginFarsad on #FreedomOfSpeech after #CharlieHebdo at 5pET/4pCT on @msnbc. #JeSuisC…","","fwdcrocblu","552943235061272576","909434454","en","<a href=\"http://twitter.com/download/android\" rel=\"nofollow\">Twitter for Android</a>","http://abs.twimg.com/images/themes/theme19/bg.gif","","0","0","Wed Jan 07 21:41:55 +0000 2015","1420666915"
"twitter-search","RT @FrankConniff: Terrorists scare me, but you know what scares Terrorists? Cartoons. #CharlieHebdo","","Red_Shirt_no2","552943235010940930","2486638760","en","<a href=\"http://twitter.com/download/android\" rel=\"nofollow\">Twitter for Android</a>","http://abs.twimg.com/images/themes/theme1/bg.png","","0","0","Wed Jan 07 21:41:55 +0000 2015","1420666915"
"twitter-search","RT @chantalmclaugh: MUST-READ piece on #CharlieHebdo + #FreedomOfSpeech by former @TheOnion editor @Randazzoj. #journalism #PressFreedom ht…","","pirroshan","552943234826391552","417425740","en","<a href=\"http://twitter.com\" rel=\"nofollow\">Twitter Web Client</a>","http://pbs.twimg.com/profile_background_images/684961905/5b5df07dcd5f1143def43641930197f2.jpeg","","0","0","Wed Jan 07 21:41:55 +0000 2015","1420666915"
"twitter-search","RT @sophiebr: Very moving... RT @AFPphoto #JeSuisCharlie tribute to #CharlieHebdo at #AFP news room in Paris http://t.co/9ER4NOhwRD","","sylviad1971","552943234641850371","55934718","en","<a href=\"http://twitter.com/download/iphone\" rel=\"nofollow\">Twitter for iPhone</a>","http://abs.twimg.com/images/themes/theme1/bg.png","","0","0","Wed Jan 07 21:41:54 +0000 2015","1420666914"
"twitter-search","RT @jeffjarvis: Brilliant &amp; proper RT @raju: Berlin daily BZ honors #CharlieHebdo with this front page http://t.co/Or7XMWCfL3 via @PeterHuth","","danielkim91","552943234478264320","69141993","en","<a href=\"http://twitter.com/download/android\" rel=\"nofollow\">Twitter for Android</a>","http://abs.twimg.com/images/themes/theme1/bg.png","","0","0","Wed Jan 07 21:41:54 +0000 2015","1420666914"
"twitter-search","RT @anaalfageme: RT @stephen_strydom: \"this is not a religion\"  #IamCharlie #CharlieHebdo http://t.co/hhYsKOBhah","","PabloKarrera","552943234205618176","288695405","en","<a href=\"http://twitter.com\" rel=\"nofollow\">Twitter Web Client</a>","http://pbs.twimg.com/profile_background_images/372596735/DSCF0635.JPG","","0","0","Wed Jan 07 21:41:54 +0000 2015","1420666914"
"twitter-search","RT @GLove39: The world would be a far better place if all religious fanatics followed this advice\n#CharlieHebdo http://t.co/HD43ebNTbT","","filmator","552943234092371968","112409136","en","<a href=\"http://twitter.com/download/android\" rel=\"nofollow\">Twitter for Android</a>","http://pbs.twimg.com/profile_background_images/456028110031298560/zLssvdCG.jpeg","","0","0","Wed Jan 07 21:41:54 +0000 2015","1420666914"
"twitter-search","RT @AFPphoto: #JeSuisCharlie tribute to #CharlieHebdo at #AFP news room in Paris http://t.co/J1vTDttDwg","","FreeCaft","552943233928814594","1141835594","en","<a href=\"http://twitter.com/download/android\" rel=\"nofollow\">Twitter for Android</a>","http://abs.twimg.com/images/themes/theme9/bg.gif","","0","0","Wed Jan 07 21:41:54 +0000 2015","1420666914"
"twitter-search","RT @RobTornoe: Still mortified about our fallen cartoonist colleagues, but free speech will always win. #CharlieHebdo #JeSuisCharlie http:/…","","tejoprakash","552943233517776897","1883790102","en","<a href=\"http://twitter.com\" rel=\"nofollow\">Twitter Web Client</a>","http://abs.twimg.com/images/themes/theme19/bg.gif","","0","0","Wed Jan 07 21:41:54 +0000 2015","1420666914"
"twitter-search","RT @parisbanlieue: #CharlieHebdo  @ ladefense http://t.co/yUbrKs9vvK","","Aliceoor","552943233181810688","1036875385","en","<a href=\"http://twitter.com\" rel=\"nofollow\">Twitter Web Client</a>","http://pbs.twimg.com/profile_background_images/378800000169233277/MAdttSVA.jpeg","","0","0","Wed Jan 07 21:41:54 +0000 2015","1420666914"
"twitter-search","RT @jk_rowling: Sometimes a picture says it better than any writer could. #CharlieHebdo http://t.co/OP6h1YZUWs","","AlexCE96","552943233178038273","492406209","en","<a href=\"http://twitter.com/download/android\" rel=\"nofollow\">Twitter for Android</a>","http://pbs.twimg.com/profile_background_images/591677779/rqbo2thk6ej2zrfs6htv.jpeg","","0","0","Wed Jan 07 21:41:54 +0000 2015","1420666914"
"twitter-search","RT @KhaledBeydoun: Ahmed Merabet was shot point-blank on the sidewalk.\n\nHe is a Muslim, and a hero.\n\n#CharlieHebdo #ParisShooting http://t.…","","TexMexDesi","552943233144479745","2390998874","en","<a href=\"http://twitter.com/download/iphone\" rel=\"nofollow\">Twitter for iPhone</a>","http://abs.twimg.com/images/themes/theme5/bg.gif","","0","0","Wed Jan 07 21:41:54 +0000 2015","1420666914"
"twitter-search","RT @indyrikki: http://t.co/Ty2VIxXNC7 apparently these professional killers made rookie mistake of leaving ID trail. Really?\n#CharlieHebdo …","","nickva45","552943232431423488","2258585927","en","<a href=\"http://twitter.com/download/iphone\" rel=\"nofollow\">Twitter for iPhone</a>","http://abs.twimg.com/images/themes/theme1/bg.png","","0","0","Wed Jan 07 21:41:54 +0000 2015","1420666914"
"twitter-search","You bastards will never silence all of us - we will speak out, we will speak up and we will NEVER fear you.\n\n#JeSuisCharlie #CharlieHebdo","","PolitiBunny","552943232301019136","35051304","en","<a href=\"http://twitter.com\" rel=\"nofollow\">Twitter Web Client</a>","http://abs.twimg.com/images/themes/theme4/bg.gif","","0","0","Wed Jan 07 21:41:54 +0000 2015","1420666914"
"twitter-search","RT @erikwesselius: No, we are NOT all Charlie (and that’s a problem). Read @CasMudde on reactions to #CharlieHebdo terrorist attack: https:…","","oblik_zivota","552943232024596481","68779226","en","<a href=\"http://twitter.com\" rel=\"nofollow\">Twitter Web Client</a>","http://pbs.twimg.com/profile_background_images/344918034409919180/6fcad9b152746142fa4bf0f84963566f.jpeg","","0","0","Wed Jan 07 21:41:54 +0000 2015","1420666914"
"twitter-search","RT @exmuslimsofna: #FREE SPEECH ABOVE GODS:Talking abt #CHARLIEHEBDO @yasirqadhi reveals his dark side... trial b4 he condones murder ..\nht…","","BriTur","552943231759949825","19004662","en","<a href=\"https://twitter.com/download/android\" rel=\"nofollow\">Twitter for Android Tablets</a>","http://abs.twimg.com/images/themes/theme6/bg.gif","","0","0","Wed Jan 07 21:41:54 +0000 2015","1420666914"
"twitter-search","RT @DanielGennaoui: Freedom of speech cannot and will not be killed. #CharlieHebdo http://t.co/n9N6qgkqGI","","remitr67","552943231546048513","239560092","en","<a href=\"http://twitter.com/#!/download/ipad\" rel=\"nofollow\">Twitter for iPad</a>","http://abs.twimg.com/images/themes/theme1/bg.png","","0","0","Wed Jan 07 21:41:54 +0000 2015","1420666914"
"twitter-search","#CharlieHebdo Editor Stephane Charbonnier: \"I'd rather die standing than live on my knees.\" Today cowards killed him http://t.co/orvnr9rJXD","","EthiopianThinkT","552943231378653184","2161292066","en","<a href=\"http://twitter.com/download/android\" rel=\"nofollow\">Twitter for Android</a>","http://abs.twimg.com/images/themes/theme1/bg.png","","0","0","Wed Jan 07 21:41:54 +0000 2015","1420666914"
"twitter-search","RT @RobTornoe: Still mortified about our fallen cartoonist colleagues, but free speech will always win. #CharlieHebdo #JeSuisCharlie http:/…","","BlAcK_hEaRt_RoK","552943231143383040","480006548","en","<a href=\"http://www.twitter.com\" rel=\"nofollow\">Twitter for Windows Phone</a>","http://pbs.twimg.com/profile_background_images/708465964/160108679e2237ffc7e5f5351c5e4de3.jpeg","","0","0","Wed Jan 07 21:41:54 +0000 2015","1420666914"
"twitter-search","RT @jean_jullien: I am devastated by what just happened in France. #CharlieHebdo http://t.co/IxEbScqYFh","","ragazz_a","552943230937858048","371489697","en","<a href=\"https://dev.twitter.com/docs/tfw\" rel=\"nofollow\">Twitter for Websites</a>","http://abs.twimg.com/images/themes/theme12/bg.gif","","0","0","Wed Jan 07 21:41:54 +0000 2015","1420666914"
"twitter-search","RT @Telegraph: Here is tomorrow's @adamstoon1 cartoon http://t.co/HXIl1I4zze #CharlieHebdo http://t.co/R53jkcIOrY","","NewsLark","552943230690422784","32303991","en","<a href=\"http://twitter.com/download/iphone\" rel=\"nofollow\">Twitter for iPhone</a>","http://abs.twimg.com/images/themes/theme1/bg.png","","0","0","Wed Jan 07 21:41:54 +0000 2015","1420666914"
"twitter-search","RT @AlexandreAMCHIN: SOLUTION:\n#NotAfraid to #NukeMecca\n\n#ParisShooting #JeSuisCharlie #CharlieHebdo #FuckIslam #StopIslam #ISIS http://t.c…","","GetsomefmfDavis","552943229067227136","2149747512","en","<a href=\"http://twitter.com/download/iphone\" rel=\"nofollow\">Twitter for iPhone</a>","http://abs.twimg.com/images/themes/theme1/bg.png","","0","0","Wed Jan 07 21:41:53 +0000 2015","1420666913"
"twitter-search","RT @MartynMcL: An amazing AP image from the streets of Paris this evening #CharlieHebdo http://t.co/Ih7hzb4Zg3","","drshawna","552943228677132288","2724370538","en","<a href=\"http://twitter.com/download/iphone\" rel=\"nofollow\">Twitter for iPhone</a>","http://abs.twimg.com/images/themes/theme1/bg.png","","0","0","Wed Jan 07 21:41:53 +0000 2015","1420666913"
"twitter-search","RT @ConsulFranceNYC: Tonight 7pm-Union Square NYC: Rally in support of #CharlieHebdo https://t.co/3npeVI7RQR …","","Dmarlanawilson","552943228316446720","1229040415","en","<a href=\"http://twitter.com/download/iphone\" rel=\"nofollow\">Twitter for iPhone</a>","http://abs.twimg.com/images/themes/theme1/bg.png","","0","0","Wed Jan 07 21:41:53 +0000 2015","1420666913"
"twitter-search","RT @amolrajan: Here's The @Independent cartoonist's response to the #CharlieHebdo attack: http://t.co/4H4VWDS4qN","","pennylitersen","552943228174209024","80913494","en","<a href=\"http://twitter.com/download/iphone\" rel=\"nofollow\">Twitter for iPhone</a>","http://abs.twimg.com/images/themes/theme1/bg.png","","0","0","Wed Jan 07 21:41:53 +0000 2015","1420666913"
"twitter-search","RT @ibnebattuta: Next he will invade &amp; kill Muslims \"@HuffingtonPost: Obama condemns \"cowardly, evil\" attack on #CharlieHebdo http://t.co/8…","","naveedraja786","552943227930939393","257424954","en","<a href=\"http://twitter.com/download/android\" rel=\"nofollow\">Twitter for Android</a>","http://abs.twimg.com/images/themes/theme1/bg.png","","0","0","Wed Jan 07 21:41:53 +0000 2015","1420666913"
"twitter-search","RT @michaelwithluke: for my country #CharlieHebdo #JeSuisCharlie #PrayForParis http://t.co/wePkNXEXTg","","hauntmichaels","552943227922550784","179904533","en","<a href=\"http://twitter.com/download/iphone\" rel=\"nofollow\">Twitter for iPhone</a>","http://pbs.twimg.com/profile_background_images/378800000118869856/d31daf640c67f930cf1211f45578e1e9.png","","0","0","Wed Jan 07 21:41:53 +0000 2015","1420666913"
"twitter-search","RT @amolrajan: Here's The @Independent cartoonist's response to the #CharlieHebdo attack: http://t.co/4H4VWDS4qN","","EllaBraigen","552943227872231425","132970227","en","<a href=\"http://twitter.com\" rel=\"nofollow\">Twitter Web Client</a>","http://abs.twimg.com/images/themes/theme6/bg.gif","","0","0","Wed Jan 07 21:41:53 +0000 2015","1420666913"
"twitter-search","RT @Jacques_Shark: #CharlieHebdo's editor Charb, assassinated today, said in 2012:\"I prefer to die standing than to live on my knees.\" http…","","glitterbug72","552943227826098179","214398946","en","<a href=\"http://twitter.com/download/android\" rel=\"nofollow\">Twitter for Android</a>","http://abs.twimg.com/images/themes/theme1/bg.png","","0","0","Wed Jan 07 21:41:53 +0000 2015","1420666913"
"twitter-search","RT @AynRandInst: We will not cower. Join us. Make your voice heard. #CharlieHebdo #FreeSpeech http://t.co/IsaZT6fhf9","","riatsila501","552943227738030080","2248532045","en","<a href=\"http://twitter.com/download/iphone\" rel=\"nofollow\">Twitter for iPhone</a>","http://abs.twimg.com/images/themes/theme1/bg.png","","0","0","Wed Jan 07 21:41:53 +0000 2015","1420666913"
"twitter-search","RT @ahedel1391: #Iran'ian regime has been initiated + nourished the idea of killing fatwa starting with Salman Rushdie #CharlieHebdo http:/…","","af_za39","552943227721232384","2468277862","en","<a href=\"https://twitter.com/download/android\" rel=\"nofollow\">Twitter for Android Tablets</a>","http://abs.twimg.com/images/themes/theme1/bg.png","","0","0","Wed Jan 07 21:41:53 +0000 2015","1420666913"
"twitter-search","RT @davpope: Can't sleep tonight, thoughts with my French cartooning colleagues, their families and loved ones #CharlieHebdo http://t.co/Lq…","","gerryryan1973","552943227536670721","546307368","en","<a href=\"http://twitter.com/download/iphone\" rel=\"nofollow\">Twitter for iPhone</a>","http://abs.twimg.com/images/themes/theme1/bg.png","","0","0","Wed Jan 07 21:41:53 +0000 2015","1420666913"
"twitter-search","RT @RobTornoe: Still mortified about our fallen cartoonist colleagues, but free speech will always win. #CharlieHebdo #JeSuisCharlie http:/…","","guapa1975","552943227356332034","81160742","en","<a href=\"http://twitter.com/download/android\" rel=\"nofollow\">Twitter for Android</a>","http://abs.twimg.com/images/themes/theme19/bg.gif","","0","0","Wed Jan 07 21:41:53 +0000 2015","1420666913"
"twitter-search","RT @masoud_barzani: I strongly condemn terrorist, cowardly attack on #CharlieHebdo.  People of Kurdistan stand with French people.  http://…","","middleeast_24","552943227230519296","2830526400","en","<a href=\"http://twitter.com/download/android\" rel=\"nofollow\">Twitter for Android</a>","http://abs.twimg.com/images/themes/theme1/bg.png","","0","0","Wed Jan 07 21:41:53 +0000 2015","1420666913"
"twitter-search","RT @LatuffCartoons: Please, RT! Guess who will take the blame for the #CharlieHebdo attack...via @al_tagreer http://t.co/IE0O92bLM8","","kimons","552943227121467392","37399630","en","<a href=\"http://twitter.com/download/iphone\" rel=\"nofollow\">Twitter for iPhone</a>","http://abs.twimg.com/images/themes/theme14/bg.gif","","0","0","Wed Jan 07 21:41:53 +0000 2015","1420666913"
"twitter-search","RT @AFPphoto: #JeSuisCharlie tribute to #CharlieHebdo at #AFP news room in Paris http://t.co/J1vTDttDwg","","CitiBlogMK","552943226823667713","1079854597","en","<a href=\"http://twitter.com\" rel=\"nofollow\">Twitter Web Client</a>","http://pbs.twimg.com/profile_background_images/826472464/5bef8d35aa3d2a69554ae932dc0c3c1d.png","","0","0","Wed Jan 07 21:41:53 +0000 2015","1420666913"
"twitter-search","RT @NCRIUS: @ this difficult time, says @Maryam_Rajavi, Iran people&amp;resistance movement stand by French people #CharlieHebdo #JeSuisCharlie…","","MRRouhani","552943226819051520","2246779321","en","<a href=\"https://mobile.twitter.com\" rel=\"nofollow\">Mobile Web (M2)</a>","http://abs.twimg.com/images/themes/theme1/bg.png","","0","0","Wed Jan 07 21:41:53 +0000 2015","1420666913"
"twitter-search","RT @DanielGennaoui: Freedom of speech cannot and will not be killed. #CharlieHebdo http://t.co/n9N6qgkqGI","","niume_official","552943226764943360","1490683939","en","<a href=\"http://twitter.com/download/iphone\" rel=\"nofollow\">Twitter for iPhone</a>","http://abs.twimg.com/images/themes/theme14/bg.gif","","0","0","Wed Jan 07 21:41:53 +0000 2015","1420666913"
"twitter-search","Ideological Exclusion in the Post-9/11 Era http://t.co/8Ufl7iB6Id #CharlieHebdo","","ConnLRev","552943226626506752","555101656","en","<a href=\"http://twitter.com\" rel=\"nofollow\">Twitter Web Client</a>","http://abs.twimg.com/images/themes/theme1/bg.png","","0","0","Wed Jan 07 21:41:53 +0000 2015","1420666913"
"twitter-search","RT @typewriterninja: RT @laloalcaraz I just drew this on a plane to Houston, please share for #CharlieHebdo http://t.co/UfuPztREVn","","Wauwelwok","552943226039332865","246464087","en","<a href=\"http://twitter.com/#!/download/ipad\" rel=\"nofollow\">Twitter for iPad</a>","http://abs.twimg.com/images/themes/theme2/bg.gif","","0","0","Wed Jan 07 21:41:52 +0000 2015","1420666912"
"twitter-search","A special one for our  friends in Trafalgar :)  \n#CharlieHebdo :\n\"But who wants the Brits in Europe ??\" http://t.co/s6VK1GJXUO\n#jesuicharlie","","PH_on_tweets","552943225510842369","443225821","en","<a href=\"http://twitter.com/download/iphone\" rel=\"nofollow\">Twitter for iPhone</a>","http://abs.twimg.com/images/themes/theme1/bg.png","","0","0","Wed Jan 07 21:41:52 +0000 2015","1420666912"
"twitter-search","RT @ajplus: #Muslims from around the world condemn the #CharlieHebdo massacre. http://t.co/TqJ6H3aVt3","","Justaprimadonna","552943225489870848","262827173","en","<a href=\"http://www.twitter.com\" rel=\"nofollow\">Twitter for Windows Phone</a>","http://pbs.twimg.com/profile_background_images/716766462/5e8da2f7a6ada32a7f70bf4c59343cc8.jpeg","","0","0","Wed Jan 07 21:41:52 +0000 2015","1420666912"
"twitter-search","RT @chmeredith: This is Paris right now. #CharlieHebdo #JeSuisCharlie #ParisShooting http://t.co/bCSaJa8Y6W","","fabriciopaes79","552943225326288897","2896312372","en","<a href=\"http://twitter.com/download/android\" rel=\"nofollow\">Twitter for Android</a>","http://abs.twimg.com/images/themes/theme1/bg.png","","0","0","Wed Jan 07 21:41:52 +0000 2015","1420666912"
"twitter-search","RT @GillesKLEIN: Rob Tornoe cartoonist Philadelphia Enquirer (USA) #CharlieHebdo http://t.co/9weMT0xmx0","","FMarcail","552943225208844288","2273602097","en","<a href=\"http://twitter.com/download/android\" rel=\"nofollow\">Twitter for Android</a>","http://abs.twimg.com/images/themes/theme1/bg.png","","0","0","Wed Jan 07 21:41:52 +0000 2015","1420666912"
"twitter-search","RT @igeldard: Tomorrow, every press outlet in the world should run the #CharlieHebdo cartoons of Mohammed http://t.co/pwLN9BKNn8 http://t.c…","","vendosian","552943225158516736","302575231","en","<a href=\"http://twitter.com/#!/download/ipad\" rel=\"nofollow\">Twitter for iPad</a>","http://abs.twimg.com/images/themes/theme1/bg.png","","0","0","Wed Jan 07 21:41:52 +0000 2015","1420666912"
"twitter-search","RT @cnalive: http://t.co/FhSoBXKPwv French imams: Muslims must condemn 'barbaric' attack on newspaper #CharlieHebdo #Islam http://t.co/OIBN…","","CCCarolstream","552943225108193281","16140538","en","<a href=\"https://roundteam.co\" rel=\"nofollow\">RoundTeam</a>","http://pbs.twimg.com/profile_background_images/4236643/bluechurch1024.jpg","","0","0","Wed Jan 07 21:41:52 +0000 2015","1420666912"
"twitter-search","RT @MineParis81: #France tonight: #JeSuisCharlie\n\nStanding up for #CharlieHebdo &amp; #pressfreedom\n\n#Bordeaux\n#Lyon\n#Toulouse\n#Paris http://t.…","","Heddie5","552943225099780096","814217083","en","<a href=\"http://twitter.com/download/android\" rel=\"nofollow\">Twitter for Android</a>","http://abs.twimg.com/images/themes/theme4/bg.gif","","0","0","Wed Jan 07 21:41:52 +0000 2015","1420666912"
"twitter-search","RT @alexwagner: In 2013, Stephane Charbonnier (editor of #CharlieHebdo) was placed on an al-Qaeda hit list: http://t.co/ZD5kPOYxKu","","komaramusic","552943224470241280","2696379674","en","<a href=\"http://twitter.com/download/android\" rel=\"nofollow\">Twitter for Android</a>","http://abs.twimg.com/images/themes/theme17/bg.gif","","0","0","Wed Jan 07 21:41:52 +0000 2015","1420666912"
"twitter-search","RT @nycjim: 19 powerful photos of vigils for the victims of the #CharlieHebdo attack. http://t.co/HqddF8JarV via @mashable http://t.co/KhIu…","","dakotapoet","552943224290304000","1549813249","en","<a href=\"http://twitter.com/download/iphone\" rel=\"nofollow\">Twitter for iPhone</a>","http://abs.twimg.com/images/themes/theme1/bg.png","","0","0","Wed Jan 07 21:41:52 +0000 2015","1420666912"
"twitter-search","#CharlieHebdo #OnEstTousCharlie #WeAreAllCharlieHebdo \nRIP to all who've lost their lives. Respect to their lives. http://t.co/6WAj7ApDNn","","kondione","552943224223186946","105149844","en","<a href=\"http://twitter.com\" rel=\"nofollow\">Twitter Web Client</a>","http://pbs.twimg.com/profile_background_images/211195036/twitter_background.jpg","","0","0","Wed Jan 07 21:41:52 +0000 2015","1420666912"
"twitter-search","RT @SafeensS: #Isis #AlQaeda religious ideology is same as #netanyahu's ideology. #CharlieHebdo  #KillAllMuslims #JeSuisCharlie  http://t.c…","","randa20014","552943222725804032","1180084860","en","<a href=\"http://blackberry.com/twitter\" rel=\"nofollow\">Twitter for BlackBerry®</a>","http://abs.twimg.com/images/themes/theme1/bg.png","","0","0","Wed Jan 07 21:41:52 +0000 2015","1420666912"
"twitter-search","RT @WSJ: Cartoonists around the world respond to attack in Paris: http://t.co/i17pd0fKNu #CharlieHebdo http://t.co/kFzfOW89o9","","clairegijbels","552943222545469441","273819681","en","<a href=\"http://twitter.com/#!/download/ipad\" rel=\"nofollow\">Twitter for iPad</a>","http://abs.twimg.com/images/themes/theme1/bg.png","","0","0","Wed Jan 07 21:41:52 +0000 2015","1420666912"
"twitter-search","RT @davpope: Can't sleep tonight, thoughts with my French cartooning colleagues, their families and loved ones #CharlieHebdo http://t.co/Lq…","","jmiettin","552943222477967360","97535366","en","<a href=\"http://twitter.com/#!/download/ipad\" rel=\"nofollow\">Twitter for iPad</a>","http://abs.twimg.com/images/themes/theme1/bg.png","","0","0","Wed Jan 07 21:41:52 +0000 2015","1420666912"
"twitter-search","RT @LADowd: I wonder if the #CharlieHebdo attackers are cute enough to be featured on the next @RollingStone Cover.","","Talkmaster","552943222163787778","16725276","en","<a href=\"http://twitter.com/download/iphone\" rel=\"nofollow\">Twitter for iPhone</a>","http://abs.twimg.com/images/themes/theme5/bg.gif","","0","0","Wed Jan 07 21:41:52 +0000 2015","1420666912"
"twitter-search","RT @CNNSitRoom: #Breaking: The 3 shooters have been identified (ages 18, 32, 33). LIVE coverage: http://t.co/xEKulRW4E6 #CharlieHebdo http:…","","Nasdimike","552943221979242497","1576287728","en","<a href=\"http://www.twitter.com\" rel=\"nofollow\">Twitter for BlackBerry</a>","http://abs.twimg.com/images/themes/theme1/bg.png","","0","0","Wed Jan 07 21:41:51 +0000 2015","1420666911"
"twitter-search","RT @ajplus: #Muslims from around the world condemn the #CharlieHebdo massacre. http://t.co/TqJ6H3aVt3","","angelagennaro","552943221975048193","81835192","en","<a href=\"http://twitter.com/download/iphone\" rel=\"nofollow\">Twitter for iPhone</a>","http://pbs.twimg.com/profile_background_images/849517754/55a27df3ebf6d0f52eb5294423dca090.jpeg","","0","0","Wed Jan 07 21:41:51 +0000 2015","1420666911"
"twitter-search","RT @davpope: Can't sleep tonight, thoughts with my French cartooning colleagues, their families and loved ones #CharlieHebdo http://t.co/Lq…","","BioBonita","552943221727580160","2601597758","en","<a href=\"http://sinproject.net/tweecha/\" rel=\"nofollow\">tweecha for android</a>","http://abs.twimg.com/images/themes/theme1/bg.png","","0","0","Wed Jan 07 21:41:51 +0000 2015","1420666911"
"twitter-search","RT @MineParis81: #France tonight: #JeSuisCharlie\n\nStanding up for #CharlieHebdo &amp; #pressfreedom\n\n#Bordeaux\n#Lyon\n#Toulouse\n#Paris http://t.…","","IrishBelle07","552943221689839616","551040580","en","<a href=\"http://twitter.com\" rel=\"nofollow\">Twitter Web Client</a>","http://pbs.twimg.com/profile_background_images/591591949/7o9ztq9rl2iom61lhofb.jpeg","","0","0","Wed Jan 07 21:41:51 +0000 2015","1420666911"
"twitter-search","RT @justfloryan: Thoughts and prayers are with the families of the victims who lost their lives today. We should NOT forget that we're huma…","","CLardeur","552943221274583044","981285991","en","<a href=\"http://www.twitter.com\" rel=\"nofollow\">Twitter for Windows Phone</a>","http://pbs.twimg.com/profile_background_images/889347839/024f21e1d784078daadaa9d154047971.jpeg","","0","0","Wed Jan 07 21:41:51 +0000 2015","1420666911"
"twitter-search","RT @KathSwinbourne: Girls with books &amp; people with pens. Terrorists greatest fears #CharlieHebdo #jesuischarly #educationfirst","","Chelseafem","552943221223866368","208548142","en","<a href=\"http://twitter.com/#!/download/ipad\" rel=\"nofollow\">Twitter for iPad</a>","http://abs.twimg.com/images/themes/theme1/bg.png","","0","0","Wed Jan 07 21:41:51 +0000 2015","1420666911"
"twitter-search","RT @tameryazar: a Carlos Latuff Cartoon ( @LatuffCartoons ) tells #CharlieHebdo 3 years ago !... #Paris #France via @zaidbenjamin http://t.…","","Isadoraable","552943221077454849","572906529","en","<a href=\"http://twitter.com/download/iphone\" rel=\"nofollow\">Twitter for iPhone</a>","http://abs.twimg.com/images/themes/theme18/bg.gif","","0","0","Wed Jan 07 21:41:51 +0000 2015","1420666911"
"twitter-search","RT @ImranHSarker: URGENT: French Interior ministry denies reports #CharlieHebdo suspects arrested - @libe via @RT http://t.co/l6xR7GFwEN","","Legible_M","552943220984795136","63112335","en","<a href=\"http://twitter.com\" rel=\"nofollow\">Twitter Web Client</a>","http://pbs.twimg.com/profile_background_images/232942962/kufi_me_invert_.gif","","0","0","Wed Jan 07 21:41:51 +0000 2015","1420666911"
"twitter-search","RT @jk_rowling: Sometimes a picture says it better than any writer could. #CharlieHebdo http://t.co/OP6h1YZUWs","","yosefun","552943220976386049","60160943","en","<a href=\"http://twitter.com/download/android\" rel=\"nofollow\">Twitter for Android</a>","http://abs.twimg.com/images/themes/theme4/bg.gif","","0","0","Wed Jan 07 21:41:51 +0000 2015","1420666911"
"twitter-search","RT @KhaledBeydoun: A Muslim policeman was killed defending #CharlieHebdo.\n \nBut heroics never enter into the Islamophobic indictment of Isl…","","AdoraAdoreHer","552943220955828225","73402256","en","<a href=\"http://twitter.com/download/iphone\" rel=\"nofollow\">Twitter for iPhone</a>","http://abs.twimg.com/images/themes/theme1/bg.png","","0","0","Wed Jan 07 21:41:51 +0000 2015","1420666911"
"twitter-search","RT @seanmerat: Rowan explained it best. #CharlieHebdo http://t.co/Rfjw5E1IbD","","LindaSilmalis","552943220905086976","322366497","en","<a href=\"http://twitter.com/download/iphone\" rel=\"nofollow\">Twitter for iPhone</a>","http://abs.twimg.com/images/themes/theme18/bg.gif","","0","0","Wed Jan 07 21:41:51 +0000 2015","1420666911"
"twitter-search","RT @rtenews: People gather on Dublin's O'Connell Street for a show of solidarity with the victims of the #CharlieHebdo attack. http://t.co/…","","Davida3","552943220842565633","21572190","en","<a href=\"http://twitter.com\" rel=\"nofollow\">Twitter Web Client</a>","http://abs.twimg.com/images/themes/theme1/bg.png","","0","0","Wed Jan 07 21:41:51 +0000 2015","1420666911"
"twitter-search","RT @DanielGennaoui: Freedom of speech cannot and will not be killed. #CharlieHebdo http://t.co/n9N6qgkqGI","","ilockyer","552943220683186176","255000628","en","<a href=\"http://twitter.com\" rel=\"nofollow\">Twitter Web Client</a>","http://abs.twimg.com/images/themes/theme1/bg.png","","0","0","Wed Jan 07 21:41:51 +0000 2015","1420666911"
"twitter-search","RT @ShirazMaher: Satire, the scourge of tyrants, fanatics, and fascists everywhere. #CharlieHebdo","","appensieve","552943220414750720","387140820","en","<a href=\"http://twitter.com\" rel=\"nofollow\">Twitter Web Client</a>","http://abs.twimg.com/images/themes/theme1/bg.png","","0","0","Wed Jan 07 21:41:51 +0000 2015","1420666911"
"twitter-search","RT @jk_rowling: Sometimes a picture says it better than any writer could. #CharlieHebdo http://t.co/OP6h1YZUWs","","AccioPadackles","552943220242788352","1403244985","en","<a href=\"http://twitter.com/download/android\" rel=\"nofollow\">Twitter for Android</a>","http://pbs.twimg.com/profile_background_images/536846903032295426/RvowF7XN.jpeg","","0","0","Wed Jan 07 21:41:51 +0000 2015","1420666911"
"twitter-search","RT @jk_rowling: Sometimes a picture says it better than any writer could. #CharlieHebdo http://t.co/OP6h1YZUWs","","KTLMillard","552943220171501568","26087045","en","<a href=\"http://twitter.com/download/iphone\" rel=\"nofollow\">Twitter for iPhone</a>","http://abs.twimg.com/images/themes/theme1/bg.png","","0","0","Wed Jan 07 21:41:51 +0000 2015","1420666911"
"twitter-search","RT @GillesKLEIN: Rob Tornoe cartoonist Philadelphia Enquirer (USA) #CharlieHebdo http://t.co/9weMT0xmx0","","jeanlespinasse","552943219936624640","589121141","en","<a href=\"http://itunes.apple.com/us/app/twitter/id409789998?mt=12\" rel=\"nofollow\">Twitter for Mac</a>","http://abs.twimg.com/images/themes/theme1/bg.png","","0","0","Wed Jan 07 21:41:51 +0000 2015","1420666911"
"twitter-search","Designed by ISRAEL\n\nMade in ISIS\n\nSponsored by EU\n\nWatched by MUSLIMS\n\n#CharlieHebdo","293548534","ahturgut","552943219588497409","293548534","en","<a href=\"http://twitter.com\" rel=\"nofollow\">Twitter Web Client</a>","http://pbs.twimg.com/profile_background_images/460854398524985344/Cex8ZhOo.jpeg","","0","0","Wed Jan 07 21:41:51 +0000 2015","1420666911"
"twitter-search","RT @cnnbrk: Paris prosecutor gives updates on #CharlieHebdo terror attack. Watch live now on http://t.co/HAhU3MDTUj http://t.co/hMnEehrYhf","","riquiquita2011","552943219039019008","55952014","en","<a href=\"https://twitter.com/download/android\" rel=\"nofollow\">Twitter for Android Tablets</a>","http://pbs.twimg.com/profile_background_images/96647084/mujer_maravilla.jpg","","0","0","Wed Jan 07 21:41:51 +0000 2015","1420666911"
"twitter-search","RT @ParomaMukherjee: This Is Not A Religion. #CharlieHebdo http://t.co/HY8LHLq9Xm","","joshprice","552943218740822016","14793506","en","<a href=\"http://twitter.com/download/iphone\" rel=\"nofollow\">Twitter for iPhone</a>","http://abs.twimg.com/images/themes/theme9/bg.gif","","0","0","Wed Jan 07 21:41:51 +0000 2015","1420666911"
"twitter-search","RT @SBSNews: Rallies have been held across Europe for victims of the Paris attack http://t.co/63q8fv9TUv #CharlieHebdo http://t.co/8K7DgOjo…","","Chosen_Chaos","552943218707292160","567169673","en","<a href=\"http://twitter.com\" rel=\"nofollow\">Twitter Web Client</a>","http://abs.twimg.com/images/themes/theme1/bg.png","","0","0","Wed Jan 07 21:41:51 +0000 2015","1420666911"
"twitter-search","RT @AmnestyNZ: A dark day for freedom of expression. Our thoughts are with the victims and their families. #CharlieHebdo http://t.co/80iLc5…","","Munk_One","552943218644377600","19507251","en","<a href=\"http://twitter.com\" rel=\"nofollow\">Twitter Web Client</a>","http://pbs.twimg.com/profile_background_images/378800000041110857/1952bdcc717b7d9b0f6b8f693bf4e016.jpeg","","0","0","Wed Jan 07 21:41:51 +0000 2015","1420666911"
"twitter-search","So sad..uuugh #charliehebdo","","PeaceImages","552943218250493953","15931062","en","<a href=\"http://twitter.com\" rel=\"nofollow\">Twitter Web Client</a>","http://pbs.twimg.com/profile_background_images/602918605/lhqlr7dgloy08o6lxtd9.jpeg","","0","0","Wed Jan 07 21:41:51 +0000 2015","1420666911"
"twitter-search","RT @davpope: Can't sleep tonight, thoughts with my French cartooning colleagues, their families and loved ones #CharlieHebdo http://t.co/Lq…","","ar_aiello","552943218124685312","316547722","en","<a href=\"http://twitter.com\" rel=\"nofollow\">Twitter Web Client</a>","http://abs.twimg.com/images/themes/theme1/bg.png","","0","0","Wed Jan 07 21:41:51 +0000 2015","1420666911"
"twitter-search","I think that Terrorist Attack was the work of organized crime in Paris.İt is not related Muslim Grups. #CharlieHebdo","","MehmetAliNART","552943217478758400","239746679","en","<a href=\"http://twitter.com/download/iphone\" rel=\"nofollow\">Twitter for iPhone</a>","http://abs.twimg.com/images/themes/theme1/bg.png","","0","0","Wed Jan 07 21:41:50 +0000 2015","1420666910"
"twitter-search","RT @BigAlBrand: The killers of #CharlieHebdo are the ones really hurting the prophet and Islam.\nYour terrorism affects us all and we stand …","","MohammedBuhaji","552943217381879808","2210712729","en","<a href=\"http://twitter.com/download/android\" rel=\"nofollow\">Twitter for Android</a>","http://abs.twimg.com/images/themes/theme1/bg.png","","0","0","Wed Jan 07 21:41:50 +0000 2015","1420666910"
"twitter-search","RT @jk_rowling: Sometimes a picture says it better than any writer could. #CharlieHebdo http://t.co/OP6h1YZUWs","","DimitrisAndrian","552943215540985858","132588970","en","<a href=\"https://twitter.com/download/android\" rel=\"nofollow\">Twitter for Android Tablets</a>","http://pbs.twimg.com/profile_background_images/356793169/the-wall.jpg","","0","0","Wed Jan 07 21:41:50 +0000 2015","1420666910"
"twitter-search","RT @BBCBreaking: Video posted online appears to show gunmen fleeing after attack on #CharlieHebdo  magazine office in Paris http://t.co/bEr…","","KenyanTraffic","552943215515414528","2831420532","en","<a href=\"http://twitter.com\" rel=\"nofollow\">Twitter Web Client</a>","http://abs.twimg.com/images/themes/theme1/bg.png","","0","0","Wed Jan 07 21:41:50 +0000 2015","1420666910"
"twitter-search","RT @LatuffCartoons: Please, RT! #CharlieHebdo attack has another victim! Via @MiddleEastMnt #ParisShooting http://t.co/PNesB88POL","","NoemieConflans","552943214403936256","2310148726","en","<a href=\"https://dev.twitter.com/docs/tfw\" rel=\"nofollow\">Twitter for Websites</a>","http://abs.twimg.com/images/themes/theme1/bg.png","","0","0","Wed Jan 07 21:41:50 +0000 2015","1420666910"
"twitter-search","RT @jk_rowling: Sometimes a picture says it better than any writer could. #CharlieHebdo http://t.co/OP6h1YZUWs","","Hecate_87","552943214299451392","22635603","en","<a href=\"http://twitter.com/download/android\" rel=\"nofollow\">Twitter for Android</a>","http://pbs.twimg.com/profile_background_images/378800000022739335/019fcb436f3896f4f5f9e61d011f1add.jpeg","","0","0","Wed Jan 07 21:41:50 +0000 2015","1420666910"
"twitter-search","RT @RaquelEvita: Radicals kill us too MT @beenasarwar: First victim in the #CharlieHebdo attack was  police officer guarding the building. …","","justva","552943214210973696","53659741","en","<a href=\"http://twitter.com/download/iphone\" rel=\"nofollow\">Twitter for iPhone</a>","http://pbs.twimg.com/profile_background_images/74021716/lovelove.jpg","","0","0","Wed Jan 07 21:41:50 +0000 2015","1420666910"
"twitter-search","RT @MarkSteynOnline: Tonight at 9pm ET/ 6pm PT Mark joins @megynkelly on @FoxNews to discuss #CharlieHebdo #ParisShooting","","repub9989","552943214013865984","18451147","en","<a href=\"https://dev.twitter.com/docs/tfw\" rel=\"nofollow\">Twitter for Websites</a>","http://abs.twimg.com/images/themes/theme14/bg.gif","","0","0","Wed Jan 07 21:41:50 +0000 2015","1420666910"
"twitter-search","RT @DefiantLionUK: Odd how #Muslims never feel as outraged about #ISIS &amp; #BokoHaram as they do cartoons isn't it? #CharlieHebdo #edl #ukip …","","JudithAnnDe","552943213972324352","310884882","en","<a href=\"http://twitter.com/download/android\" rel=\"nofollow\">Twitter for Android</a>","http://abs.twimg.com/images/themes/theme1/bg.png","","0","0","Wed Jan 07 21:41:50 +0000 2015","1420666910"
"twitter-search","RT @cheo450: Let's flood the internet with cartoons! #CharlieHebdo #ParisShooting http://t.co/ZnFBaH5NE2","","ci_mic","552943213888434178","2845677561","en","<a href=\"http://twitter.com/#!/download/ipad\" rel=\"nofollow\">Twitter for iPad</a>","http://abs.twimg.com/images/themes/theme1/bg.png","","0","0","Wed Jan 07 21:41:50 +0000 2015","1420666910"
"twitter-search","RT @davpope: Can't sleep tonight, thoughts with my French cartooning colleagues, their families and loved ones #CharlieHebdo http://t.co/Lq…","","bobol0H0H","552943213661917184","593992755","en","<a href=\"http://twitter.com/download/iphone\" rel=\"nofollow\">Twitter for iPhone</a>","http://abs.twimg.com/images/themes/theme1/bg.png","","0","0","Wed Jan 07 21:41:49 +0000 2015","1420666909"
"twitter-search","RT @JustinRaimondo: More sanity -- minus the PC-speak -- in the midst of madness: https://t.co/jJRs1IvMe1 #CharlieHebdo","","NewLibertyPress","552943213476995072","2554746366","en","<a href=\"http://twitter.com\" rel=\"nofollow\">Twitter Web Client</a>","http://abs.twimg.com/images/themes/theme1/bg.png","","0","0","Wed Jan 07 21:41:49 +0000 2015","1420666909"
"twitter-search","RT @elissakh: I extend my prayers and deepest sympathies to the People of France following the horrendous #charliehebdo attack","","Manar_Elissian","552943213154430977","1418999036","en","<a href=\"https://about.twitter.com/products/tweetdeck\" rel=\"nofollow\">TweetDeck</a>","http://pbs.twimg.com/profile_background_images/378800000155000697/mIYGFk-3.jpeg","","0","0","Wed Jan 07 21:41:49 +0000 2015","1420666909"
"twitter-search","RT @arjenUSA: Grab your weapons, my friends! | via @oleismos #CharlieHebdo http://t.co/cwqwdF7JPQ","","cspinell","552943213137657858","65236259","en","<a href=\"http://twitter.com\" rel=\"nofollow\">Twitter Web Client</a>","http://pbs.twimg.com/profile_background_images/672065482/2700ba8c10c76d47e64413100b5a267d.jpeg","","0","0","Wed Jan 07 21:41:49 +0000 2015","1420666909"
"twitter-search","RT @jeffjarvis: Brilliant &amp; proper RT @raju: Berlin daily BZ honors #CharlieHebdo with this front page http://t.co/Or7XMWCfL3 via @PeterHuth","","chainbear","552943213074714626","44591307","en","<a href=\"https://about.twitter.com/products/tweetdeck\" rel=\"nofollow\">TweetDeck</a>","http://pbs.twimg.com/profile_background_images/378800000037736512/7cd638425fdef479284f1769d5881b97.jpeg","","0","0","Wed Jan 07 21:41:49 +0000 2015","1420666909"
"twitter-search","RT @22Skammelsen: RT @amolrajan: Here's The @Independent cartoonist's response to the #CharlieHebdo attack: http://t.co/vRm7f3IYnc","","futte1609","552943212944715776","1922980796","en","<a href=\"http://twitter.com/#!/download/ipad\" rel=\"nofollow\">Twitter for iPad</a>","http://abs.twimg.com/images/themes/theme1/bg.png","","0","0","Wed Jan 07 21:41:49 +0000 2015","1420666909"
"twitter-search","RT @colettebrowne: Berliner Zeitung will be using #CharlieHebdo cartoons on its front page tomorrow (via @blz_kotsch) http://t.co/Bt8KQYAMFV","","planet_rita","552943212881788930","17364358","en","<a href=\"http://twitter.com/download/iphone\" rel=\"nofollow\">Twitter for iPhone</a>","http://abs.twimg.com/images/themes/theme18/bg.gif","","0","0","Wed Jan 07 21:41:49 +0000 2015","1420666909"
"twitter-search","#CharlieHebdo  God Bless America !!  Twice !! http://t.co/SwJmHIIOjJ","","foxweld","552943212478730240","1012605522","en","<a href=\"http://twitter.com\" rel=\"nofollow\">Twitter Web Client</a>","http://abs.twimg.com/images/themes/theme1/bg.png","","0","0","Wed Jan 07 21:41:49 +0000 2015","1420666909"
"twitter-search","RT @20committee: 2008 AP story on Cherif Kouachi, 1 of the suspects named by FR police in today's #CharlieHebdo atrocity: http://t.co/b4qQc…","","MFS001","552943212365897729","38422859","en","<a href=\"http://twitter.com\" rel=\"nofollow\">Twitter Web Client</a>","http://pbs.twimg.com/profile_background_images/26172303/mqpyramids.br.jpg","","0","0","Wed Jan 07 21:41:49 +0000 2015","1420666909"
"twitter-search","RT @pcolletderby: 'This is not an AK-47' #JeSuisCharlie #CharlieHebdo http://t.co/RFWGDKGSmK","","JWDesigning","552943212223295488","619494978","en","<a href=\"http://twitter.com\" rel=\"nofollow\">Twitter Web Client</a>","http://abs.twimg.com/images/themes/theme14/bg.gif","","0","0","Wed Jan 07 21:41:49 +0000 2015","1420666909"
"twitter-search","RT @PaulBerton: Mackay cartoon #jesuischarlie #charliehebdo @thespec http://t.co/CzLpKxqdxL via @thespec","","LCNews1","552943212034523137","310306891","en","<a href=\"http://twitter.com\" rel=\"nofollow\">Twitter Web Client</a>","http://pbs.twimg.com/profile_background_images/263427558/LCN-LOGO5.jpg","","0","0","Wed Jan 07 21:41:49 +0000 2015","1420666909"
"twitter-search","RT @laloalcaraz: I just drew this on a plane to Houston, please share for #CharlieHebdo http://t.co/am5kRYvYZV","","vickikellar","552943212000591873","312848382","en","<a href=\"http://twitter.com/download/iphone\" rel=\"nofollow\">Twitter for iPhone</a>","http://abs.twimg.com/images/themes/theme1/bg.png","","0","0","Wed Jan 07 21:41:49 +0000 2015","1420666909"
"twitter-search","RT @ChrChristensen: Breivik killed 77 in Norway &amp; no-one asked me as a white male of Nordic Christian background if I felt the need to cond…","","izzyfraser","552943211959033857","30005255","en","<a href=\"http://twitter.com/download/iphone\" rel=\"nofollow\">Twitter for iPhone</a>","http://pbs.twimg.com/profile_background_images/421430946/simone-de-beauvoir.jpeg","","0","0","Wed Jan 07 21:41:49 +0000 2015","1420666909"
"twitter-search","\"It’s hard being loved by assholes\" says weeping Muhamad in this #CharlieHebdo cover. #jesuscharlie http://t.co/Ir9HXwNU6e","","anatology","552943211543416832","44457564","en","<a href=\"http://twitter.com\" rel=\"nofollow\">Twitter Web Client</a>","http://abs.twimg.com/images/themes/theme1/bg.png","","0","0","Wed Jan 07 21:41:49 +0000 2015","1420666909"
"twitter-search","RT @davpope: Can't sleep tonight, thoughts with my French cartooning colleagues, their families and loved ones #CharlieHebdo http://t.co/Lq…","","smrosenlund","552943211493064704","2914139843","en","<a href=\"https://dev.twitter.com/docs/tfw\" rel=\"nofollow\">Twitter for Websites</a>","http://abs.twimg.com/images/themes/theme1/bg.png","","0","0","Wed Jan 07 21:41:49 +0000 2015","1420666909"
"twitter-search","RT @ReporterPhoenix: What a great and important cartoon!\n\n#JeSuisCharlieHebdo \n#HumanRights \n#CharlieHebdo \n#FreePress http://t.co/jLqmmsZe…","","TheHairyGSL","552943211258589184","65489234","en","<a href=\"http://twitter.com\" rel=\"nofollow\">Twitter Web Client</a>","http://abs.twimg.com/images/themes/theme5/bg.gif","","0","0","Wed Jan 07 21:41:49 +0000 2015","1420666909"
"twitter-search","RT @Independent: The Independent's cartoonist @DaveBrownToons on the  #CharlieHebdo attack. #JeSuisCharlie\nhttp://t.co/ObRuaH7Apg http://t.…","","yvcgtwiterr","552943211250200577","106255496","en","<a href=\"http://twitter.com/download/android\" rel=\"nofollow\">Twitter for Android</a>","http://abs.twimg.com/images/themes/theme1/bg.png","","0","0","Wed Jan 07 21:41:49 +0000 2015","1420666909"
"twitter-search","RT @6MON2PANAME: RT @TheMagnusShaw: A terrible day for all cartoonists. #JeSuisCharlie http://t.co/WIA9dmQVpK #CharlieHebdo","","decomegu","552943210528382976","107668793","en","<a href=\"http://www.echofon.com/\" rel=\"nofollow\">Echofon</a>","http://abs.twimg.com/images/themes/theme1/bg.png","","0","0","Wed Jan 07 21:41:49 +0000 2015","1420666909"
"twitter-search","RT @laloalcaraz: I just drew this on a plane to Houston, please share for #CharlieHebdo http://t.co/am5kRYvYZV","","loynaphe","552943210407157762","1869501871","en","<a href=\"http://twitter.com/download/iphone\" rel=\"nofollow\">Twitter for iPhone</a>","http://abs.twimg.com/images/themes/theme14/bg.gif","","0","0","Wed Jan 07 21:41:49 +0000 2015","1420666909"
"twitter-search","RT @SkyNews: Cartoonists around the world pay tribute to #CharlieHebdo staff http://t.co/DzgiY5Qp5F http://t.co/va5c2pog0r","","karenjoy08","552943210377388032","1315848090","en","<a href=\"http://twitter.com/#!/download/ipad\" rel=\"nofollow\">Twitter for iPad</a>","http://abs.twimg.com/images/themes/theme1/bg.png","","0","0","Wed Jan 07 21:41:49 +0000 2015","1420666909"
"twitter-search","RT @Sara__Firth: Pens &amp; Pencils held in the air at #London solidarity Rally after #CharlieHebdo Paris attack. #JeSuisCharlie http://t.co/WD…","","vickysmith1981","552943210130309121","40716190","en","<a href=\"http://twitter.com/download/android\" rel=\"nofollow\">Twitter for Android</a>","http://pbs.twimg.com/profile_background_images/624726362/vic_iphone_043.JPG","","0","0","Wed Jan 07 21:41:49 +0000 2015","1420666909"
"twitter-search","RT @altamimi14: What sir George Bernard shaw said about Muhammed?\n\n#CharlieHebdo #CHARLIE_HEBDO \n#شارلي_إيبدو #شارلي_ايبدو http://t.co/JcRb…","","Rasha_RHR","552943209660166144","2739357366","en","<a href=\"http://twitter.com/download/android\" rel=\"nofollow\">Twitter for Android</a>","http://abs.twimg.com/images/themes/theme1/bg.png","","0","0","Wed Jan 07 21:41:49 +0000 2015","1420666909"
"twitter-search","RT @Telegraph: Cartoonists show solidarity after #CharlieHebdo attack http://t.co/8zXyCAeuWB (Pic: Rafael Mantesso) http://t.co/nShSDuLMdy","","abc24sep","552943209647976449","39625648","en","<a href=\"http://twitter.com/download/iphone\" rel=\"nofollow\">Twitter for iPhone</a>","http://abs.twimg.com/images/themes/theme14/bg.gif","","0","0","Wed Jan 07 21:41:49 +0000 2015","1420666909"
"twitter-search","RT @jolly_angelina: Only Louise Mensch could tweet this thinking  #CharlieHebdo is one person. Encyclopedic ignorance http://t.co/6yVLc9V2CB","","Limeylizzie","552943209488207872","21953248","en","<a href=\"http://twitter.com\" rel=\"nofollow\">Twitter Web Client</a>","http://abs.twimg.com/images/themes/theme7/bg.gif","","0","0","Wed Jan 07 21:41:48 +0000 2015","1420666908"
"twitter-search","RT @AmnestyNow: Dark day for Freedom of the Press #JeSuisCharlie #CharlieHebdo http://t.co/o0kw2YIp3D http://t.co/0AWpkHhyut","","JW_Kells","552943209127874561","1514893867","en","<a href=\"http://twitter.com\" rel=\"nofollow\">Twitter Web Client</a>","http://abs.twimg.com/images/themes/theme1/bg.png","","0","0","Wed Jan 07 21:41:48 +0000 2015","1420666908"
"twitter-search","RT @ClubPresse83: RT \"@MartynMcL: An amazing AP image from the streets of Paris #CharlieHebdo http://t.co/pGC5CbreAx\"","","MyriamTricoci","552943209115316224","964715101","en","<a href=\"http://twitter.com/download/iphone\" rel=\"nofollow\">Twitter for iPhone</a>","http://abs.twimg.com/images/themes/theme1/bg.png","","0","0","Wed Jan 07 21:41:48 +0000 2015","1420666908"
"twitter-search","RT @AJENews: World's cartoonists react to the #CharlieHebdo attack by turning to their trade http://t.co/7Hw71yxmhB #JeSuisCharlie http://t…","","nabeelahmwd","552943209048182784","303408645","en","<a href=\"http://twitter.com/download/iphone\" rel=\"nofollow\">Twitter for iPhone</a>","http://pbs.twimg.com/profile_background_images/459971193/Al4FFnvCIAAFSLD.jpg","","0","0","Wed Jan 07 21:41:48 +0000 2015","1420666908"
"twitter-search","RT @sullduggery: French authorities have arrested three suspects in #CharlieHebdo attack, @guardian's @kimwillsher1 reports: http://t.co/ri…","","lmontanad","552943208951730177","323245161","en","<a href=\"http://twitter.com/#!/download/ipad\" rel=\"nofollow\">Twitter for iPad</a>","http://pbs.twimg.com/profile_background_images/677517964/4c962f0a269c7a9885d4f009e0796385.jpeg","","0","0","Wed Jan 07 21:41:48 +0000 2015","1420666908"
"twitter-search","RT @Mr_Dave_Haslam: #CharlieHebdo cop lying on the street &amp; killed at close range by a bullet to the head was a French Muslim, Ahmed Merabet","","thorin_malk","552943208846880768","80644499","en","<a href=\"https://about.twitter.com/products/tweetdeck\" rel=\"nofollow\">TweetDeck</a>","http://pbs.twimg.com/profile_background_images/178930556/disco-lp-cc2f4.jpg","","0","0","Wed Jan 07 21:41:48 +0000 2015","1420666908"
"twitter-search","RT @SputnikInt: #Kerry: No one knows better than France that freedom has price. Freedom was born there #CharlieHebdo http://t.co/3xtrwQzsTu","","Flemington455","552943208833888256","2695107679","en","<a href=\"http://twitter.com\" rel=\"nofollow\">Twitter Web Client</a>","http://pbs.twimg.com/profile_background_images/494829830991405058/nSiTd3CQ.jpeg","","0","0","Wed Jan 07 21:41:48 +0000 2015","1420666908"
"twitter-search","RT @hakansukur: Terorist cannot be a Muslim; Muslim cannot be a terorist. #CharlieHebdo","","zeynep_s74","552943208490344449","2265550319","en","<a href=\"http://twitter.com/download/iphone\" rel=\"nofollow\">Twitter for iPhone</a>","http://abs.twimg.com/images/themes/theme1/bg.png","","0","0","Wed Jan 07 21:41:48 +0000 2015","1420666908"
"twitter-search","RT @RezaMoradi: Don't let Islamists intimidate u. Republish the cartoons in solidarity with #CharlieHebdo victims &amp; 4 free expression http:…","","Corrado_info","552943208452603906","455266241","en","<a href=\"http://twitter.com/#!/download/ipad\" rel=\"nofollow\">Twitter for iPad</a>","http://abs.twimg.com/images/themes/theme1/bg.png","","0","0","Wed Jan 07 21:41:48 +0000 2015","1420666908"
"twitter-search","RT @laloalcaraz: I just drew this on a plane to Houston, please share for #CharlieHebdo http://t.co/am5kRYvYZV","","Perrine_H","552943208360329218","495204242","en","<a href=\"http://twitter.com/download/iphone\" rel=\"nofollow\">Twitter for iPhone</a>","http://abs.twimg.com/images/themes/theme1/bg.png","","0","0","Wed Jan 07 21:41:48 +0000 2015","1420666908"
"twitter-search","RT @CBCAlerts: #BarackObama strongly condemns 'horrific shooting' at #Paris magazine office that left 12 dead. #CharlieHebdo","","GriffinCOA","552943208020205568","1957266158","en","<a href=\"http://twitter.com/download/iphone\" rel=\"nofollow\">Twitter for iPhone</a>","http://abs.twimg.com/images/themes/theme1/bg.png","","0","0","Wed Jan 07 21:41:48 +0000 2015","1420666908"
"twitter-search","RT @LatuffCartoons: Please, RT! #CharlieHebdo attack has another victim! Via @MiddleEastMnt #ParisShooting http://t.co/PNesB88POL","","Buddy_Molly","552943207924129792","444017457","en","<a href=\"http://twitter.com/download/iphone\" rel=\"nofollow\">Twitter for iPhone</a>","http://abs.twimg.com/images/themes/theme1/bg.png","","0","0","Wed Jan 07 21:41:48 +0000 2015","1420666908"
"twitter-search","RT @itvnews: How the world's cartoonists are responding to the #CharlieHebdo attack http://t.co/O9lphIaDAR http://t.co/tty2gIWWtR","","Str8Grandmother","552943207898972162","551264176","en","<a href=\"http://twitter.com\" rel=\"nofollow\">Twitter Web Client</a>","http://abs.twimg.com/images/themes/theme1/bg.png","","0","0","Wed Jan 07 21:41:48 +0000 2015","1420666908"
"twitter-search","RT @suleymancay71: Gulen: Terror leads to disaster in this world and it leads to Hell in the next world... #WhoIsGulen #CharlieHebdo http:/…","","gkda25","552943207760543747","516331126","en","<a href=\"http://twitter.com/#!/download/ipad\" rel=\"nofollow\">Twitter for iPad</a>","http://abs.twimg.com/images/themes/theme1/bg.png","","0","0","Wed Jan 07 21:41:48 +0000 2015","1420666908"
"twitter-search","I'll be a hirsute guest on the end of @BBCScot2015 tonight, discussing #CharlieHebdo attack in Paris.","","PeterKGeoghegan","552943207706017793","119384544","en","<a href=\"http://twitter.com/download/iphone\" rel=\"nofollow\">Twitter for iPhone</a>","http://abs.twimg.com/images/themes/theme15/bg.png","","0","0","Wed Jan 07 21:41:48 +0000 2015","1420666908"
"twitter-search","RT @10NewsHunt: Journalists @AFP hold minutes silence in honor of dead #CharlieHebdo colleagues. #JeSuisCharlie. http://t.co/nqmib2SuvA @wi…","","RihannaStan","552943207445958657","25360933","en","<a href=\"http://twitter.com\" rel=\"nofollow\">Twitter Web Client</a>","http://pbs.twimg.com/profile_background_images/104188860/brideshoot.jpg","","0","0","Wed Jan 07 21:41:48 +0000 2015","1420666908"
"twitter-search","RT @jk_rowling: Sometimes a picture says it better than any writer could. #CharlieHebdo http://t.co/OP6h1YZUWs","","felipe522","552943207152377856","163254603","en","<a href=\"http://twitter.com/download/android\" rel=\"nofollow\">Twitter for Android</a>","http://abs.twimg.com/images/themes/theme15/bg.png","","0","0","Wed Jan 07 21:41:48 +0000 2015","1420666908"
"twitter-search","RT @ABC7: #CharlieHebdo UPDATE: 3 suspects are brothers, ages 34 and 32, and an 18-year-old, Paris deputy mayor tells @ABC","","kimye__","552943206862581763","37163415","en","<a href=\"http://twitter.com/download/iphone\" rel=\"nofollow\">Twitter for iPhone</a>","http://pbs.twimg.com/profile_background_images/514633923486158848/lPAJYJ38.jpeg","","0","0","Wed Jan 07 21:41:48 +0000 2015","1420666908"
"twitter-search","RT @ChrChristensen: Breivik killed 77 in Norway &amp; no-one asked me as a white male of Nordic Christian background if I felt the need to cond…","","UmarBeanRamzan","552943206766104576","461673749","en","<a href=\"http://twitter.com/download/android\" rel=\"nofollow\">Twitter for Android</a>","http://pbs.twimg.com/profile_background_images/709236167/62c944d4a984aa8d981109af105c6df9.png","","0","0","Wed Jan 07 21:41:48 +0000 2015","1420666908"
"twitter-search","RT @SkyNews: #JeSuisCharlie vigils in solidarity with #CharlieHebdo staff are being held around the world http://t.co/q3cG5Z3sOO http://t.c…","","GabrielaAv1809","552943206636453888","154322204","en","<a href=\"http://twitter.com/download/android\" rel=\"nofollow\">Twitter for Android</a>","http://abs.twimg.com/images/themes/theme11/bg.gif","","0","0","Wed Jan 07 21:41:48 +0000 2015","1420666908"
"twitter-search","RT @itvnews: How the world's cartoonists are responding to the #CharlieHebdo attack http://t.co/O9lphIaDAR http://t.co/tty2gIWWtR","","susie_worm","552943206615502851","20334172","en","<a href=\"http://tapbots.com/tweetbot\" rel=\"nofollow\">Tweetbot for iΟS</a>","http://abs.twimg.com/images/themes/theme3/bg.gif","","0","0","Wed Jan 07 21:41:48 +0000 2015","1420666908"
"twitter-search","RT @jk_rowling: Sometimes a picture says it better than any writer could. #CharlieHebdo http://t.co/OP6h1YZUWs","","Tisha_008","552943206560583680","2896506083","en","<a href=\"http://twitter.com/download/iphone\" rel=\"nofollow\">Twitter for iPhone</a>","http://abs.twimg.com/images/themes/theme14/bg.gif","","0","0","Wed Jan 07 21:41:48 +0000 2015","1420666908"
"twitter-search","RT @cnnbrk: Thursday will be national day of mourning in France for #CharlieHebdo victims, President Hollande says. http://t.co/zUfxcG3Rfs","","OliviaNellaT","552943206477103105","100314501","en","<a href=\"http://twitter.com/download/iphone\" rel=\"nofollow\">Twitter for iPhone</a>","http://pbs.twimg.com/profile_background_images/378800000058700273/c0d28d5ac22baf0f57f625e82153c4b2.jpeg","","0","0","Wed Jan 07 21:41:48 +0000 2015","1420666908"
"twitter-search","RT @stephen_strydom: \"this is not a religion\"  #IamCharlie #CharlieHebdo http://t.co/d2cWyrDPSC","","scottdebuitleir","552943206263177216","19589816","en","<a href=\"http://twitter.com\" rel=\"nofollow\">Twitter Web Client</a>","http://abs.twimg.com/images/themes/theme14/bg.gif","","0","0","Wed Jan 07 21:41:48 +0000 2015","1420666908"
"twitter-search","RT @MartynMcL: An amazing AP image from the streets of Paris this evening #CharlieHebdo http://t.co/Ih7hzb4Zg3","","Laurence_Tott","552943206003130368","266184828","en","<a href=\"http://twitter.com/download/android\" rel=\"nofollow\">Twitter for Android</a>","http://abs.twimg.com/images/themes/theme1/bg.png","","0","0","Wed Jan 07 21:41:48 +0000 2015","1420666908"
"twitter-search","RT @WSJ: Cartoonists around the world respond to attack in Paris: http://t.co/i17pd0fKNu #CharlieHebdo http://t.co/kFzfOW89o9","","1987Enigma","552943205973770240","956636558","en","<a href=\"http://twitter.com/#!/download/ipad\" rel=\"nofollow\">Twitter for iPad</a>","http://abs.twimg.com/images/themes/theme1/bg.png","","0","0","Wed Jan 07 21:41:48 +0000 2015","1420666908"
"twitter-search","RT @CNNSitRoom: #Breaking: The 3 shooters have been identified (ages 18, 32, 33). LIVE coverage: http://t.co/xEKulRW4E6 #CharlieHebdo http:…","","missmelsy","552943205755678720","22138375","en","<a href=\"http://twitter.com/download/iphone\" rel=\"nofollow\">Twitter for iPhone</a>","http://pbs.twimg.com/profile_background_images/103349416/eliasson.jpg","","0","0","Wed Jan 07 21:41:48 +0000 2015","1420666908"
"twitter-search","RT @dmartinezpr: Con dos co.. RT @nonleggerlo: RT @wblau: Berlin's daily newspaper BZ tomorrow http://t.co/FFpozyAdhF\n(via @andreasal)  #Ch…","","AnatolRohe","552943205587890178","148917502","en","<a href=\"http://twitter.com/#!/download/ipad\" rel=\"nofollow\">Twitter for iPad</a>","http://abs.twimg.com/images/themes/theme18/bg.gif","","0","0","Wed Jan 07 21:41:48 +0000 2015","1420666908"
"twitter-search","RT @Noterad: My condolences family's and friends of the victims! #insanity #murder #religion #paris #france #satir #CharlieHebdo http://t.c…","","Kupongerna","552943205256527872","502774133","en","<a href=\"http://twitter.com/download/iphone\" rel=\"nofollow\">Twitter for iPhone</a>","http://abs.twimg.com/images/themes/theme15/bg.png","","0","0","Wed Jan 07 21:41:47 +0000 2015","1420666907"
"twitter-search","RT @MartynMcL: An amazing AP image from the streets of Paris this evening #CharlieHebdo http://t.co/Ih7hzb4Zg3","","DaveRobinson3","552943204803563523","287836671","en","<a href=\"http://twitter.com\" rel=\"nofollow\">Twitter Web Client</a>","http://pbs.twimg.com/profile_background_images/520573333083938818/S9zIkhfP.jpeg","","0","0","Wed Jan 07 21:41:47 +0000 2015","1420666907"
"twitter-search","RT @Valtwitte: Chappatte. #CharlieHebdo http://t.co/A90SQrDUVM","","PhilippeRufener","552943204614823936","248261459","en","<a href=\"http://twitter.com/#!/download/ipad\" rel=\"nofollow\">Twitter for iPad</a>","http://abs.twimg.com/images/themes/theme1/bg.png","","0","0","Wed Jan 07 21:41:47 +0000 2015","1420666907"
"twitter-search","RT @northaura: #CharlieHebdo #JeSuisCharlie RT @Global132: An impressive AP picture from Paris tonight. \nvia @AP \n#SinMiedo http://t.co/zsq…","","TiempodeManu","552943204551897090","221101937","en","<a href=\"http://twitter.com\" rel=\"nofollow\">Twitter Web Client</a>","http://pbs.twimg.com/profile_background_images/461840491269484544/3S67QxHt.jpeg","","0","0","Wed Jan 07 21:41:47 +0000 2015","1420666907"
"twitter-search","losing my smile #CharlieHebdo","","70sstreet","552943204379942914","339495727","en","<a href=\"http://twitter.com\" rel=\"nofollow\">Twitter Web Client</a>","http://pbs.twimg.com/profile_background_images/454285816689213440/hSbIMZrZ.png","","0","0","Wed Jan 07 21:41:47 +0000 2015","1420666907"
"twitter-search","RT @varvel: My response to the terror attack on #CharlieHebdo. http://t.co/TxQICVIUZs @indystar http://t.co/WhEgFVC7Ik","","DotSlashMusic","552943204363165697","2571703818","en","<a href=\"https://about.twitter.com/products/tweetdeck\" rel=\"nofollow\">TweetDeck</a>","http://abs.twimg.com/images/themes/theme1/bg.png","","0","0","Wed Jan 07 21:41:47 +0000 2015","1420666907"
"twitter-search","RT @aurelmondon: I will be on @bbcnewsnight at 10.30 to talk about #CharlieHebdo, nationalism and secularism in France http://t.co/TFUa5hZV…","","0108044a","552943203981463556","2174989661","en","<a href=\"http://twitter.com/download/android\" rel=\"nofollow\">Twitter for Android</a>","http://abs.twimg.com/images/themes/theme1/bg.png","","0","0","Wed Jan 07 21:41:47 +0000 2015","1420666907"
"twitter-search","#CharlieHebdo terrorists are cowards","","SimpleWater1","552943203897589760","2247149538","en","<a href=\"http://twitter.com/download/iphone\" rel=\"nofollow\">Twitter for iPhone</a>","http://abs.twimg.com/images/themes/theme1/bg.png","","0","0","Wed Jan 07 21:41:47 +0000 2015","1420666907"
"twitter-search","RT @DLoesch: Shame on @HolyBillDonohue for this: http://t.co/eABlutCM31 #CharlieHebdo","","MatthewTwihard","552943203771777026","88296327","en","<a href=\"http://twitter.com/download/iphone\" rel=\"nofollow\">Twitter for iPhone</a>","http://abs.twimg.com/images/themes/theme10/bg.gif","","0","0","Wed Jan 07 21:41:47 +0000 2015","1420666907"
"twitter-search","RT @wellsla: Policeman who #CharlieHebdo attackers killed on sidewalk #AhmedMerabet was 42,married&amp; #Muslim\nhttp://t.co/7ALGbq6Epi http://t…","","Hekatasia","552943203666903040","2935485502","en","<a href=\"http://twitter.com\" rel=\"nofollow\">Twitter Web Client</a>","http://pbs.twimg.com/profile_background_images/546708708890136577/zxyni_fw.jpeg","","0","0","Wed Jan 07 21:41:47 +0000 2015","1420666907"
"twitter-search","RT @SkyNews: Thousands demonstrate around the world following Paris terror attack on #CharlieHebdo magazine http://t.co/q3cG5Z3sOO http://t…","","CMGMIA","552943203348123648","1717548768","en","<a href=\"http://twitter.com/download/iphone\" rel=\"nofollow\">Twitter for iPhone</a>","http://abs.twimg.com/images/themes/theme1/bg.png","","0","0","Wed Jan 07 21:41:47 +0000 2015","1420666907"
"twitter-search","RT @TarekFatah: Here comes another Pakistani's take #CharlieHebdo. How does one country produce so many brilliant minds? http://t.co/hcB5kL…","","sureshindia1","552943203293229058","124770803","en","<a href=\"http://twitter.com/download/android\" rel=\"nofollow\">Twitter for Android</a>","http://abs.twimg.com/images/themes/theme1/bg.png","","0","0","Wed Jan 07 21:41:47 +0000 2015","1420666907"
"twitter-search","RT @MineParis81: #France tonight: #JeSuisCharlie\n\nStanding up for #CharlieHebdo &amp; #pressfreedom\n\n#Bordeaux\n#Lyon\n#Toulouse\n#Paris http://t.…","","mattjroberts","552943203079708672","22948121","en","<a href=\"http://www.twitter.com\" rel=\"nofollow\">Twitter for Windows Phone</a>","http://abs.twimg.com/images/themes/theme9/bg.gif","","0","0","Wed Jan 07 21:41:47 +0000 2015","1420666907"
"twitter-search","RT @davpope: Can't sleep tonight, thoughts with my French cartooning colleagues, their families and loved ones #CharlieHebdo http://t.co/Lq…","","Meslunnettes","552943202962251777","207157145","en","<a href=\"http://twitter.com/download/iphone\" rel=\"nofollow\">Twitter for iPhone</a>","http://abs.twimg.com/images/themes/theme16/bg.gif","","0","0","Wed Jan 07 21:41:47 +0000 2015","1420666907"
"twitter-search","“@r0eland: German newspaper 'Berliner Zeitung' #CharlieHebdo frontpage+backpage tomorrow - #JeSuisCharlie https://t.co/q9jrOyl4gy” Amazing","15748629","matbrooks80","552943202769338368","36452649","en","<a href=\"http://twitter.com/download/iphone\" rel=\"nofollow\">Twitter for iPhone</a>","http://abs.twimg.com/images/themes/theme15/bg.png","","0","0","Wed Jan 07 21:41:47 +0000 2015","1420666907"
"twitter-search","RT @Abdukhalim1: #JeSuisAhmed is the #Muslim policeman gunned down by extremists while defending the freedom of expression of #CharlieHebdo…","","mo_afghan","552943202660265985","470329913","en","<a href=\"http://twitter.com/download/android\" rel=\"nofollow\">Twitter for Android</a>","http://abs.twimg.com/images/themes/theme1/bg.png","","0","0","Wed Jan 07 21:41:47 +0000 2015","1420666907"
"twitter-search","RT @jk_rowling: Sometimes a picture says it better than any writer could. #CharlieHebdo http://t.co/OP6h1YZUWs","","buzz4bio","552943202450546688","58595843","en","<a href=\"http://twitter.com\" rel=\"nofollow\">Twitter Web Client</a>","http://pbs.twimg.com/profile_background_images/378800000100476739/661e00bccd9a5247263be6846d9f9037.jpeg","","0","0","Wed Jan 07 21:41:47 +0000 2015","1420666907"
"twitter-search","@Beubeu_Ryre @Peon_Glory @SherrinThePain You fools!! #CharlieHebdo were writing about deniers like you, and you are upset?? Morons.","360668000","ScooterMcGraw","552943202437971968","57647823","en","<a href=\"http://twitter.com/#!/download/ipad\" rel=\"nofollow\">Twitter for iPad</a>","http://pbs.twimg.com/profile_background_images/729332941/6e05a48d548fcc6a2ebda6658d7ea447.jpeg","","0","0","Wed Jan 07 21:41:47 +0000 2015","1420666907"
"twitter-search","RT @LatuffCartoons: Please, RT! #CharlieHebdo attack has another victim! Via @MiddleEastMnt #ParisShooting http://t.co/PNesB88POL","","TotallyYYC","552943202273996800","1705042070","en","<a href=\"https://dev.twitter.com/docs/tfw\" rel=\"nofollow\">Twitter for Websites</a>","http://abs.twimg.com/images/themes/theme1/bg.png","","0","0","Wed Jan 07 21:41:47 +0000 2015","1420666907"
"twitter-search","RT @laloalcaraz: I just drew this on a plane to Houston, please share for #CharlieHebdo http://t.co/am5kRYvYZV","","Khamesbond","552943201708171264","1020424622","en","<a href=\"http://www.twitter.com\" rel=\"nofollow\">Twitter for BlackBerry</a>","http://abs.twimg.com/images/themes/theme14/bg.gif","","0","0","Wed Jan 07 21:41:47 +0000 2015","1420666907"
"twitter-search","RT @CNNSitRoom: #Breaking: The 3 shooters have been identified (ages 18, 32, 33). LIVE coverage: http://t.co/xEKulRW4E6 #CharlieHebdo http:…","","marcelarnews","552943201385218049","2515367536","en","<a href=\"http://twitter.com/download/iphone\" rel=\"nofollow\">Twitter for iPhone</a>","http://abs.twimg.com/images/themes/theme1/bg.png","","0","0","Wed Jan 07 21:41:47 +0000 2015","1420666907"
"twitter-search","RT @davpope: Can't sleep tonight, thoughts with my French cartooning colleagues, their families and loved ones #CharlieHebdo http://t.co/Lq…","","KyleKatran","552943201255194624","543551082","en","<a href=\"http://twitter.com\" rel=\"nofollow\">Twitter Web Client</a>","http://abs.twimg.com/images/themes/theme14/bg.gif","","0","0","Wed Jan 07 21:41:47 +0000 2015","1420666907"
"twitter-search","RT @stephen_strydom: \"this is not a religion\"  #IamCharlie #CharlieHebdo http://t.co/d2cWyrDPSC","","heyouonline","552943200629846016","225615278","en","<a href=\"http://twitter.com/#!/download/ipad\" rel=\"nofollow\">Twitter for iPad</a>","http://abs.twimg.com/images/themes/theme1/bg.png","","0","0","Wed Jan 07 21:41:46 +0000 2015","1420666906"
"twitter-search","RT @TinaTilki: ⚫️R.I.P⚫️\n\n#CharlieHebdo \n\n#Chaliehebdo http://t.co/zRP8BDS9ki","","GAMZEZTRKAKKU","552943200617660416","409840114","en","<a href=\"http://twitter.com/download/android\" rel=\"nofollow\">Twitter for Android</a>","http://abs.twimg.com/images/themes/theme1/bg.png","","0","0","Wed Jan 07 21:41:46 +0000 2015","1420666906"
"twitter-search","RT @MartynMcL: An amazing AP image from the streets of Paris this evening #CharlieHebdo http://t.co/Ih7hzb4Zg3","","deanhills91","552943200399155200","2841370627","en","<a href=\"http://twitter.com/download/iphone\" rel=\"nofollow\">Twitter for iPhone</a>","http://abs.twimg.com/images/themes/theme1/bg.png","","0","0","Wed Jan 07 21:41:46 +0000 2015","1420666906"
"twitter-search","RT @Resistance48: French police officer murdered at gunpoint was Ahmed Merabet a #Muslim. #CharlieHebdo #JeSuisCharlie #ParisShooting http:…","","iPadophile","552943200198225921","241847603","en","<a href=\"http://twitter.com/download/iphone\" rel=\"nofollow\">Twitter for iPhone</a>","http://abs.twimg.com/images/themes/theme14/bg.gif","","0","0","Wed Jan 07 21:41:46 +0000 2015","1420666906"